Air Temperature,Process Temperature,Rotational Speed,Torque,Vibration Levels,Operational Hours,Failure Type
-0.0014861211819690277,0.05878937958298565,0.28051443866885606,0.24299385243286845,0.550565023160048,-1.3249100091857131,0.0
0.1761053600613108,0.3484937449494233,-0.8246316097905675,0.6489136878000084,1.6356808599548633,-1.3031796274965823,0.0
-0.0014861211819690277,-0.23091498578361672,-0.12908514572519603,1.0084426848394754,0.7675881905190111,-1.3683707725639744,0.0
0.1761053600613108,0.05878937958298565,-0.6314242586612976,-0.1397305637704346,1.6356808599548633,-1.5422138260770197,0.0
0.1761053600613108,0.3484937449494233,-0.8246316097905675,-0.08174201586084319,0.7675881905190111,-1.5422138260770197,0.0
-0.0014861211819690277,0.05878937958298565,-0.6932506110226639,0.13861446619560405,-0.20901606259632274,-1.2379884824291905,0.0
-0.0014861211819690277,0.05878937958298565,0.33461249698505163,0.19660301410519548,-0.10050447891684121,-1.3249100091857131,0.0
-0.0014861211819690277,0.05878937958298565,0.09503538158475701,-0.058546596697006285,-0.4260392299552858,-1.455292299320497,0.0
0.3536968413046916,0.3484937449494233,1.1769965479086681,-1.4038809081995274,-1.5111550667501013,-1.2814492458074518,0.0
0.7088798037913522,1.2176068410490657,1.748890307251307,-1.4734671656910374,0.8760997741984926,-1.2814492458074518,0.0
0.5312883225479714,0.9279024756824634,2.0657503631033096,-1.948973258549687,1.9612156109933079,-1.3307772122417783,0.0
0.8864712850347329,1.5073112064156682,-0.7087071991130056,0.41695949616164274,0.8760997741984926,-1.324258097735039,0.0
0.8864712850347329,1.5073112064156682,-1.3578838989073523,1.2056037477320865,-0.31752764627580427,-1.3177389832283,0.0
0.8864712850347329,1.7970155717821057,1.7566186012964777,-1.2415129740526716,-0.31752764627580427,-1.311437172538452,0.0
0.8864712850347329,1.7970155717821057,0.21095979226231892,0.8924655890202925,0.550565023160048,-1.2983989435249736,0.0
0.8864712850347329,1.7970155717821057,-1.5742761321721346,0.6837068165457637,1.8527040273138264,-1.2918798290182345,0.0
1.0640627662780129,1.7970155717821057,-0.8091750217002259,0.5677297207265809,1.9612156109933079,-1.2855780183283865,0.0
1.2416542475213936,1.7970155717821057,-1.6129176023979885,1.599925873517308,1.8527040273138264,-1.2790589038216473,0.0
1.4192457287646734,2.086719937148708,0.9065062563276904,-0.9515702345047146,-0.31752764627580427,-1.2725397893149082,0.0
1.4192457287646734,2.086719937148708,-1.0796653132812037,0.23139614285095084,-0.4260392299552858,-1.2662379786250602,0.0
1.2416542475213936,2.086719937148708,-0.5000432598933942,0.47494804407123414,-1.5111550667501013,-1.259718864118321,0.0
1.4192457287646734,2.086719937148708,0.5123632600239799,-1.1603290069792438,-1.4026434830706196,-1.2531997496115819,0.0
1.5968372100080541,2.376424302515146,1.8802713060192104,-1.7402144860751578,-0.10050447891684121,-1.2468979389217338,0.0
1.5968372100080541,2.376424302515146,0.35779737912056403,-0.3948801745726372,-0.31752764627580427,-1.2403788244149947,0.0
1.5968372100080541,2.666128667881748,2.6762855926718023,-2.0185595160411967,-0.20901606259632274,-1.2338597099082556,0.0
1.7744286912514349,2.666128667881748,-0.020889029092804903,-0.19771911168002604,-0.10050447891684121,-1.2275578992184075,0.0
1.7744286912514349,2.376424302515146,2.2898708904132627,-1.8677892914762588,0.008007104762640323,-1.2210387847116684,0.0
1.7744286912514349,2.376424302515146,-0.5850544943902729,0.4053617865797251,0.11651868844212186,-1.2145196702049292,0.0
1.5968372100080541,2.376424302515146,1.3779321930831088,-1.2299152644707532,0.2250302721216034,-1.20800055569819,0.0
1.7744286912514349,2.666128667881748,-1.3578838989073523,0.8692701698564564,0.3335418558010849,-1.201698745008342,0.0
1.5968372100080541,2.376424302515146,2.189403067826042,-1.7634099052389944,-0.25662114474864156,-1.195179630501603,0.0
1.5968372100080541,2.376424302515146,-0.7396203752936887,0.8808678794383741,-0.28716190467888114,-1.1886605159948638,0.0
1.4192457287646734,2.086719937148708,1.1615399598183267,-0.9515702345047146,-0.31770266460912067,-1.1823587053050157,0.0
1.2416542475213936,1.5073112064156682,0.3423407910302224,-0.6964206237025119,-0.3482434256244769,-1.1758395907982766,0.0
1.2416542475213936,1.7970155717821057,-0.48458667180305254,0.9156610081841294,-0.3787841855547165,-1.1693204762915375,0.0
1.4192457287646734,1.7970155717821057,0.5123632600239799,-0.46446643206414623,-0.40932494548495607,-1.1630186656016894,0.0
1.2416542475213936,1.5073112064156682,-0.5850544943902729,-0.17452369251618913,-0.4398657054151956,-1.1564995510949503,0.0
1.4192457287646734,1.7970155717821057,-1.0487521371005206,1.1592129094044137,-0.47040646643055184,-1.1499804365882111,0.0
1.2416542475213936,1.5073112064156682,-1.2728726644104735,1.3679716818789425,-0.5009472263607914,-1.143461322081472,0.0
1.2416542475213936,1.5073112064156682,-1.180133135868424,0.544534301562744,-0.531487986291031,-1.137159511391624,0.0
1.2416542475213936,1.5073112064156682,-1.1337633715973991,1.1708106189863312,-0.5620287473063869,-1.1306403968848848,0.0
1.2416542475213936,1.5073112064156682,-1.1337633715973991,0.9736495560937208,-0.5925695072366268,-1.1241212823781457,0.0
1.2416542475213936,1.7970155717821057,-1.102850195416716,0.904063298602211,-0.6231102671668663,-1.1178194716882979,0.0
1.2416542475213936,1.5073112064156682,-0.33002079089963665,0.7880862027830281,-0.6536510281822222,-1.1113003571815587,0.0
1.2416542475213936,1.5073112064156682,-0.19863979213173316,0.9736495560937208,-0.6841917881124617,-1.1047812426748196,0.0
1.0640627662780129,1.2176068410490657,2.537176299858728,-1.7286167764932394,-0.7147325480427017,-1.0984794319849716,0.0
1.2416542475213936,1.5073112064156682,-0.7473486693388596,0.6489136878000084,-0.7452733079729417,-1.0919603174782324,0.0
1.2416542475213936,1.7970155717821057,-0.6932506110226639,1.5303396160257983,-0.7758140689882972,-1.0854412029714933,0.0
1.4192457287646734,1.7970155717821057,-0.7937184336098844,0.39376407699780663,-0.806354828918537,-1.078922088464754,0.0
1.4192457287646734,1.5073112064156682,-1.0178389609198373,1.646316711844981,-0.8674363498641325,-1.2379884824291905,0.0
1.2416542475213936,1.2176068410490657,-0.1368134397703668,0.3589709482520513,-0.8979771097943721,-1.3249100091857131,0.0
1.0640627662780129,1.2176068410490657,0.3887105553012472,-0.6500297853748389,-0.928517869724612,-1.2814492458074518,0.0
1.0640627662780129,1.2176068410490657,1.3624756049927673,-1.2299152644707532,-0.959058629654852,-1.455292299320497,0.0
1.2416542475213936,1.5073112064156682,-0.020889029092804903,-0.0005580487874148636,-0.9895993906702074,-1.4335619176313663,0.0
1.2416542475213936,1.5073112064156682,-0.2913793206737827,0.19660301410519548,-1.0201401506004473,-0.49915550499874783,0.0
1.2416542475213936,1.5073112064156682,-0.013160735047634108,-0.04694888711508866,-1.050680910530687,-1.2814492458074518,0.0
1.2416542475213936,1.2176068410490657,1.1306267836376434,-1.299501521962263,-1.0812216715460428,-0.9772239021596224,0.0
1.2416542475213936,1.5073112064156682,-1.0564804311456912,1.5883281639353897,-1.1117624314762824,-1.455292299320497,0.0
1.2416542475213936,1.5073112064156682,-0.9405560204681294,1.3795693914608609,-1.1423031914065223,-1.3031796274965823,0.0
1.2416542475213936,1.2176068410490657,0.5973744945208587,-0.29050078833537196,-1.1728439513367623,-1.1756222869813853,0.0
1.2416542475213936,1.2176068410490657,2.428980183226337,-2.06495035436887,-1.2033847123521177,-1.1667128304888417,0.0
1.4192457287646734,1.2176068410490657,2.2975991844584334,-1.7170190669113214,-1.2339254722823576,-1.1578033739962983,0.0
1.5968372100080541,1.5073112064156682,0.06412220540407383,-0.244109950007699,-1.2644662322125972,-1.1488939175037547,0.0
1.5968372100080541,1.5073112064156682,-0.9328277264229586,0.5097411728169895,-1.295006993227953,-1.1397671571943198,0.0
1.4192457287646734,0.9279024756824634,1.2697360764507177,-1.3922831986176094,-1.3255477531581927,-1.1308577007017762,0.0
1.2416542475213936,0.9279024756824634,-0.37639055517066144,0.39376407699780663,-1.3560885130884326,-1.1219482442092326,0.0
1.2416542475213936,0.9279024756824634,0.09503538158475701,-0.963167944086633,-1.3866292730186724,-1.113038787716689,0.0
1.4192457287646734,1.5073112064156682,-0.48458667180305254,0.5561320111446625,0.7675881905190111,-1.086093114422167,0.0
1.4192457287646734,1.5073112064156682,-1.1260350775522285,0.42855720574356115,1.6356808599548633,-1.0771836579296235,0.0
1.5968372100080541,1.5073112064156682,0.5973744945208587,-0.6616274949567574,0.7675881905190111,-0.5643466500661398,1.0
1.4192457287646734,1.2176068410490657,0.6669291409273957,-0.9747656536685514,-0.20901606259632274,-0.5208858866878785,1.0
1.2416542475213936,0.9279024756824634,-1.0487521371005206,0.6953045261276822,-0.10050447891684121,0.06583441891864941,1.0
1.2416542475213936,0.9279024756824634,-0.4150320253965154,0.8344770411107011,-0.4260392299552858,-0.7381897035791851,1.0
1.2416542475213936,0.9279024756824634,-0.46140178966754014,0.06902820870409418,-1.5111550667501013,-0.5426162683770092,1.0
1.2416542475213936,0.9279024756824634,-0.9019145502422754,1.2519945860597594,0.8760997741984926,0.3265989991882174,1.0
1.2416542475213936,0.9279024756824634,-0.8710013740615923,-0.3252939170811273,1.9612156109933079,-0.5643466500661398,1.0
1.2416542475213936,0.6381981103160257,-0.5386847301192481,1.0664312327490668,0.8760997741984926,-1.2379884824291905,0.0
1.4192457287646734,0.9279024756824634,-0.5000432598933942,0.7880862027830281,-0.31752764627580427,-1.2814492458074518,0.0
1.4192457287646734,0.9279024756824634,-0.47685837775788176,0.011039660794502762,-0.31752764627580427,-1.4335619176313663,0.0
1.5968372100080541,1.2176068410490657,-0.35320567303514905,-0.07014430627892473,-1.5111550667501013,-1.4335619176313663,0.0
1.4192457287646734,0.9279024756824634,-0.7164354931581763,0.7996839123649466,0.550565023160048,-1.520483444387889,0.0
1.5968372100080541,1.2176068410490657,2.235772832097067,-1.6126396806740566,1.8527040273138264,-1.5422138260770197,0.0
1.5968372100080541,1.2176068410490657,-0.6082393765257853,0.37056865783396975,1.9612156109933079,-1.455292299320497,0.0
1.5968372100080541,1.2176068410490657,0.2264163803526605,-1.0327542015781424,1.8527040273138264,-1.2162581007400597,0.0
1.5968372100080541,1.2176068410490657,-0.7396203752936887,0.5213388823989079,-0.31752764627580427,-1.2814492458074518,0.0
1.4192457287646734,0.9279024756824634,-0.21409638022207475,-0.1397305637704346,-0.4260392299552858,-1.1727973373617984,0.0
1.4192457287646734,0.9279024756824634,1.8416298357933565,-1.7286167764932394,-1.5111550667501013,-1.3466403908748437,0.0
1.4192457287646734,0.9279024756824634,2.4367084772715075,-1.8329961627305043,-1.4026434830706196,-1.3103506534539955,0.0
1.4192457287646734,0.9279024756824634,1.6406941906189159,-1.5778465519283018,-0.10050447891684121,-1.3025277160459083,0.0
1.7744286912514349,1.2176068410490657,-0.5000432598933942,0.26618927159670536,-0.31752764627580427,-1.2949220824547127,0.0
1.5968372100080541,0.9279024756824634,0.8292233158759824,-1.0211564919962244,-0.20901606259632274,-1.2870991450466258,0.0
1.5968372100080541,1.2176068410490657,-1.2651443703653027,1.333178553133188,-0.10050447891684121,-1.2794935114554298,0.0
1.5968372100080541,1.2176068410490657,0.4659934957529551,-0.6268343662110029,0.008007104762640323,-1.2716705740473428,0.0
1.4192457287646734,0.9279024756824634,1.8184449536578442,-1.25311068363459,0.11651868844212186,-1.2640649404561473,0.0
1.4192457287646734,0.6381981103160257,0.1104919696750986,-0.9283748153408776,0.2250302721216034,-1.2564593068649514,0.0
1.2416542475213936,0.6381981103160257,0.06412220540407383,0.42855720574356115,0.3335418558010849,-1.2486363694568643,0.0
1.2416542475213936,0.9279024756824634,2.606730946265265,-1.8213984531485858,0.550565023160048,-1.2410307358656687,0.0
1.2416542475213936,0.6381981103160257,0.31142761484953924,-0.012155758369333313,0.7675881905190111,-1.225602164866386,0.0
1.2416542475213936,0.6381981103160257,-0.5695979062999312,-0.02375346795125176,1.6356808599548633,-1.2177792274582988,0.0
1.2416542475213936,0.3484937449494233,-0.5000432598933942,0.31258010992437835,0.7675881905190111,-1.210173593867103,0.0
1.2416542475213936,0.3484937449494233,0.5896462004756878,-1.1139381686515704,-0.20901606259632274,-1.202350656459016,0.0
1.2416542475213936,0.3484937449494233,-0.5386847301192481,0.904063298602211,-0.10050447891684121,-1.1947450228678205,0.0
1.2416542475213936,0.6381981103160257,-0.1368134397703668,0.7069022357095999,-0.4260392299552858,-1.1869220854597333,0.0
1.4192457287646734,0.6381981103160257,0.8214950218308117,-0.9283748153408776,-1.5111550667501013,-1.1793164518685375,0.0
1.4192457287646734,0.3484937449494233,0.4428086136174427,-0.7660068811940218,0.8760997741984926,-1.171710818277342,0.0
1.2416542475213936,0.05878937958298565,2.761296827168681,-2.111341192696543,1.9612156109933079,-1.1638878808692548,0.0
1.0640627662780129,0.05878937958298565,-0.12135685168002523,0.32417781950629676,0.8760997741984926,-1.156282247278059,0.0
1.2416542475213936,0.3484937449494233,-0.12908514572519603,-0.1397305637704346,-0.31752764627580427,-1.148459309869972,0.0
1.2416542475213936,0.05878937958298565,-0.22182467426724556,0.13861446619560405,-0.31752764627580427,-1.1408536762787762,0.0
1.2416542475213936,0.05878937958298565,1.2774643704958886,-1.3110992315441814,-1.5111550667501013,-1.1330307388706893,0.0
1.2416542475213936,0.05878937958298565,-0.6468808467516393,0.5793274303084993,0.550565023160048,-1.1254251052794935,0.0
1.4192457287646734,0.3484937449494233,0.38098226125607637,-0.7660068811940218,1.8527040273138264,-1.1176021678714065,0.0
1.2416542475213936,0.05878937958298565,0.6514725528370542,-0.893581686595123,1.9612156109933079,-1.1099965342802107,0.0
1.2416542475213936,0.05878937958298565,1.4861283097155,-1.4618694561091188,1.8527040273138264,-1.1021735968721238,0.0
1.0640627662780129,-0.23091498578361672,-0.36866226112549066,-0.0005580487874148636,-0.31752764627580427,-1.094567963280928,0.0
1.4192457287646734,0.3484937449494233,-0.6314242586612976,0.4633503344893165,-0.4260392299552858,-1.0869623296897322,0.0
1.4192457287646734,0.3484937449494233,0.33461249698505163,0.057430499122176557,-1.5111550667501013,-1.0791393922816452,0.0
1.5968372100080541,0.6381981103160257,-1.5820044262173054,1.1592129094044137,-1.4026434830706196,-1.0715337586904496,0.0
1.4192457287646734,0.3484937449494233,0.2418729684430021,0.31258010992437835,-0.10050447891684121,-1.0637108212823623,0.0
1.4192457287646734,0.3484937449494233,1.6406941906189159,-1.3110992315441814,-0.31752764627580427,-1.0561051876911667,0.0
1.4192457287646734,0.05878937958298565,0.3500690850753932,-0.986363363250469,-0.20901606259632274,-1.0482822502830798,0.0
1.5968372100080541,0.05878937958298565,-1.4351668393590602,2.295788448432405,-0.10050447891684121,-1.040676616691884,0.0
1.4192457287646734,0.05878937958298565,-0.7859901395647135,0.6721091069638453,0.008007104762640323,-1.032853679283797,0.0
1.5968372100080541,0.05878937958298565,0.5587330242950047,-0.244109950007699,0.11651868844212186,-1.0252480456926012,0.0
1.4192457287646734,-0.23091498578361672,0.3423407910302224,-0.7428114620301858,0.2250302721216034,-1.017425108284514,0.0
1.2416542475213936,-0.5206193511502191,-0.32229249685446587,0.04583278954025811,0.3335418558010849,-1.0098194746933185,0.0
1.2416542475213936,-0.5206193511502191,1.7179771310706238,-1.5082602944367922,0.550565023160048,-1.0022138411021226,0.0
1.0640627662780129,-0.5206193511502191,-0.5695979062999312,0.28938469076054224,1.6356808599548633,-0.9943909036940356,0.0
1.0640627662780129,-0.5206193511502191,-0.65460914079681,1.0316381040033122,0.7675881905190111,-0.9867852701028399,0.0
1.2416542475213936,-0.5206193511502191,-1.1260350775522285,1.4259602297885339,1.6356808599548633,-0.9789623326947529,0.0
1.2416542475213936,-0.23091498578361672,1.5170414858961832,-1.4154786177814458,0.7675881905190111,-0.971356699103557,0.0
1.0640627662780129,-0.23091498578361672,-0.731892081248518,0.5793274303084993,-0.20901606259632274,-0.96353376169547,0.0
1.0640627662780129,0.05878937958298565,-1.6824722488045256,1.692707550172654,-0.10050447891684121,-0.9559281281042744,0.0
1.2416542475213936,0.05878937958298565,-0.5077715539385649,1.0084426848394754,-0.4260392299552858,-0.9481051906961873,0.0
1.2416542475213936,0.05878937958298565,-1.9065927761144787,1.7506960980822455,-1.5111550667501013,-0.9404995571049917,0.0
1.2416542475213936,0.05878937958298565,-0.028617323137975697,-0.5340526895556561,0.8760997741984926,-0.9326766196969046,0.0
1.0640627662780129,-0.23091498578361672,0.2264163803526605,-0.6384320757929205,1.9612156109933079,-0.9250709861057088,0.0
0.8864712850347329,-0.5206193511502191,2.0348371869226263,-1.4502717465272008,0.8760997741984926,-0.9174653525145131,0.0
0.8864712850347329,-0.5206193511502191,-0.8323599038357383,1.1360174902405766,-0.31752764627580427,-0.9096424151064261,0.0
0.8864712850347329,-0.5206193511502191,-0.956012608558471,0.19660301410519548,-0.31752764627580427,-0.9020367815152303,0.0
0.7088798037913522,-0.5206193511502191,-0.013160735047634108,-0.8239954291036132,-1.5111550667501013,-0.8942138441071432,0.0
0.7088798037913522,-0.5206193511502191,0.7519403754242745,-0.5340526895556561,0.550565023160048,-0.8866082105159475,0.0
0.5312883225479714,-0.5206193511502191,0.00229585304270748,-0.07014430627892473,1.8527040273138264,-0.8787852731078605,0.0
0.3536968413046916,-0.8103237165166568,-1.0487521371005206,0.8460747506926196,1.9612156109933079,-0.8711796395166647,0.0
0.5312883225479714,-0.8103237165166568,-0.32229249685446587,-0.09333972544276163,1.8527040273138264,-0.8633567021085777,0.0
0.5312883225479714,-0.8103237165166568,-0.7164354931581763,0.23139614285095084,-0.31752764627580427,-0.8557510685173819,0.0
0.5312883225479714,-1.100028081883259,-0.3995754373061738,-0.36008704582688184,-0.4260392299552858,-0.8479281311092949,0.0
0.5312883225479714,-1.100028081883259,0.5355481421594923,0.03423507995833966,-1.5111550667501013,-0.8403224975180993,0.0
0.5312883225479714,-1.100028081883259,2.5912743581749234,-1.5894442615102202,-1.4026434830706196,-0.8327168639269035,0.0
0.5312883225479714,-1.100028081883259,0.1027636756299278,-0.5224549799737377,-0.10050447891684121,-0.8248939265188165,0.0
0.5312883225479714,-1.3897324472496968,-0.1522700278607084,0.6141205590542539,-0.20901606259632274,-0.8094653555195337,0.0
0.5312883225479714,-1.100028081883259,-0.2836510266286119,0.32417781950629676,-0.10050447891684121,-0.801859721928338,0.0
0.5312883225479714,-1.100028081883259,-0.12135685168002523,-0.08174201586084319,0.008007104762640323,-0.794036784520251,0.0
0.5312883225479714,-1.100028081883259,-0.3377490849448075,0.7300976548734367,0.11651868844212186,-0.7864311509290551,0.0
0.5312883225479714,-1.100028081883259,-1.7983966594820875,2.318983867596242,0.2250302721216034,-0.7786082135209681,1.0
0.3536968413046916,-1.3897324472496968,-0.7937184336098844,1.3447762627151054,0.3335418558010849,-0.7710025799297724,1.0
0.3536968413046916,-1.3897324472496968,0.5510047302498339,-0.603638947047166,0.550565023160048,-0.7631796425216854,0.0
0.5312883225479714,-1.100028081883259,-0.36093396708031983,0.3589709482520513,1.6356808599548633,-0.7555740089304895,0.0
0.7088798037913522,-0.8103237165166568,-0.5773262003451021,0.33577552908821523,0.7675881905190111,-0.747968375339294,0.0
0.7088798037913522,-0.5206193511502191,1.6870639548899407,-1.705421357329403,1.6356808599548633,-0.7401454379312069,0.0
0.5312883225479714,-1.100028081883259,0.7519403754242745,-0.939972524922796,0.7675881905190111,-0.7325398043400112,0.0
0.5312883225479714,-0.8103237165166568,-0.4382169075320278,0.2545915620147869,-0.20901606259632274,-0.7247168669319242,0.0
0.5312883225479714,-0.8103237165166568,-0.6314242586612976,2.5045472209069337,-0.10050447891684121,-0.7171112333407283,1.0
0.5312883225479714,-0.8103237165166568,-1.520178073855939,2.1334205142855494,-0.4260392299552858,-0.7092882959326414,0.0
0.5312883225479714,-1.100028081883259,0.7364837873339329,-0.6616274949567574,-1.5111550667501013,-0.7016826623414456,0.0
0.1761053600613108,-1.3897324472496968,-0.4073037313513446,1.1708106189863312,0.8760997741984926,-0.6938597249333586,1.0
0.1761053600613108,-1.679436812616299,0.5896462004756878,-0.8123977195216948,0.8760997741984926,-0.6784311539340758,1.0
0.1761053600613108,-1.3897324472496968,-1.6129176023979885,2.0406388376302025,-0.31752764627580427,-0.67082552034288,0.0
0.1761053600613108,-1.3897324472496968,-1.0255672549650081,0.32417781950629676,-0.31752764627580427,-0.6632198867516843,0.0
0.1761053600613108,-1.3897324472496968,0.7983101396952993,-0.6964206237025119,-1.5111550667501013,-0.6553969493435973,0.0
0.1761053600613108,-1.100028081883259,-0.6082393765257853,1.101224361494822,1.8527040273138264,-0.6399683783443144,0.0
0.1761053600613108,-0.8103237165166568,-1.62837419048833,1.0548335231671484,1.9612156109933079,-0.6323627447531188,0.0
0.1761053600613108,-0.8103237165166568,-0.3068359087641243,1.0664312327490668,1.8527040273138264,-0.6245398073450318,0.0
0.1761053600613108,-0.8103237165166568,2.390338713000483,-1.9141801298039323,-0.31752764627580427,-0.6169341737538361,0.0
-0.0014861211819690277,-1.100028081883259,-1.33469901677184,0.857672460274538,-0.4260392299552858,-0.609111236345749,0.0
-0.0014861211819690277,-1.100028081883259,-0.22955296831241634,-0.0005580487874148636,-1.5111550667501013,-0.6015056027545532,0.0
0.1761053600613108,-1.100028081883259,1.1769965479086681,-1.1719267165611618,-1.4026434830706196,-0.5936826653464662,0.0
0.1761053600613108,-1.100028081883259,-0.5309564360740773,-0.29050078833537196,-0.10050447891684121,-0.5860770317552705,0.0
-0.0014861211819690277,-0.8103237165166568,-1.6515590726238425,1.7738915172460823,-0.31752764627580427,-0.5784713981640747,0.0
0.1761053600613108,-0.5206193511502191,-1.0487521371005206,0.27778698117862377,-0.20901606259632274,-0.5706484607559876,0.0
0.3536968413046916,-0.23091498578361672,0.7055706111532497,-0.8239954291036132,-0.10050447891684121,-0.5630428271647919,0.0
0.3536968413046916,-0.5206193511502191,0.18777491012680653,0.31258010992437835,0.008007104762640323,-0.5552198897567049,0.0
0.1761053600613108,-0.5206193511502191,-0.2913793206737827,1.0664312327490668,0.11651868844212186,-0.5476142561655092,0.0
0.1761053600613108,-0.5206193511502191,1.1692682538634973,-0.7080183332844304,0.2250302721216034,-0.5397913187574221,0.0
0.1761053600613108,-0.5206193511502191,-0.9019145502422754,1.286787714805514,0.3335418558010849,-0.5321856851662264,0.0
0.1761053600613108,-0.5206193511502191,1.262007782405547,-0.7080183332844304,0.550565023160048,-0.5243627477581393,0.0
0.3536968413046916,-0.23091498578361672,-0.47685837775788176,0.2545915620147869,0.7675881905190111,-0.5089341767588567,0.0
0.3536968413046916,0.05878937958298565,-0.6391525527064684,1.0200403944213938,1.6356808599548633,-0.501328543167661,0.0
0.5312883225479714,0.05878937958298565,0.09503538158475701,0.02263737037642121,0.7675881905190111,-0.49372290957646514,0.0
0.5312883225479714,0.3484937449494233,0.5664613183401754,-0.6616274949567574,-0.20901606259632274,-0.4858999721683781,0.0
0.5312883225479714,0.05878937958298565,-0.6314242586612976,0.7416953644553552,-0.10050447891684121,-0.47829433857718234,0.0
0.5312883225479714,0.05878937958298565,0.7287554932887621,-0.6616274949567574,-0.4260392299552858,-0.47047140116909536,0.0
0.3536968413046916,-0.23091498578361672,0.4659934957529551,0.057430499122176557,-1.5111550667501013,-0.4628657675778996,0.0
0.5312883225479714,-0.23091498578361672,-0.19091149808656238,-0.3252939170811273,1.9612156109933079,-0.4474371965786168,0.0
0.5312883225479714,-0.23091498578361672,1.748890307251307,-0.91677710575896,0.8760997741984926,-0.43961425917052976,0.0
0.7088798037913522,0.05878937958298565,-1.3192424286814983,1.4259602297885339,-0.31752764627580427,-0.432008625579334,0.0
0.7088798037913522,0.3484937449494233,0.7287554932887621,-0.6268343662110029,-0.31752764627580427,-0.42418568817124697,0.0
0.5312883225479714,0.3484937449494233,-0.7241637872033472,2.318983867596242,-1.5111550667501013,-0.4165800545800514,0.0
0.5312883225479714,0.05878937958298565,0.5896462004756878,-0.46446643206414623,0.550565023160048,-0.4089744209888556,0.0
0.5312883225479714,0.05878937958298565,-0.2913793206737827,0.3821663674158882,1.8527040273138264,-0.4011514835807686,0.0
0.5312883225479714,0.3484937449494233,0.06412220540407383,-0.5340526895556561,1.9612156109933079,-0.3935458499895728,0.0
0.7088798037913522,0.3484937449494233,0.4659934957529551,-0.7892023003578587,1.8527040273138264,-0.3857229125814858,0.0
0.5312883225479714,0.3484937449494233,-1.3192424286814983,1.4143625202066152,-0.31752764627580427,-0.37811727899029,0.0
0.5312883225479714,0.3484937449494233,-0.994654078784325,0.4865457536531526,-0.4260392299552858,-0.370294341582203,0.0
0.3536968413046916,0.05878937958298565,0.5741896123853463,-0.4180755937364733,-1.5111550667501013,-0.3626887079910072,0.0
0.3536968413046916,0.05878937958298565,0.25732955653334366,-0.04694888711508866,-1.4026434830706196,-0.3548657705829202,0.0
0.3536968413046916,0.05878937958298565,-0.12135685168002523,-0.2789030787534543,-0.10050447891684121,-0.3472601369917246,0.0
0.3536968413046916,-0.23091498578361672,1.1538116657731559,-1.055949620741979,-0.31752764627580427,-0.33943719958363755,0.0
0.3536968413046916,0.05878937958298565,-0.5232281420289066,-0.30209849791729043,-0.20901606259632274,-0.3318315659924417,0.0
0.3536968413046916,-0.23091498578361672,-0.6236959646161269,0.6373159782180908,-0.10050447891684121,-0.32422593240124603,0.0
0.3536968413046916,-0.23091498578361672,-0.7628052574292011,1.3911671010427793,0.008007104762640323,-0.31640299499315905,0.0
0.5312883225479714,-0.23091498578361672,2.4135235951359952,-1.9025824202220138,0.11651868844212186,-0.3087973614019631,0.0
0.5312883225479714,0.05878937958298565,-1.62837419048833,0.498143463235071,0.2250302721216034,-0.3009744239938761,0.0
0.5312883225479714,0.05878937958298565,0.4196237314819304,-0.7312137524482673,0.3335418558010849,-0.2933687904026805,0.0
0.3536968413046916,0.05878937958298565,0.5355481421594923,-1.3226969411260996,-0.25662114474864156,-0.28554585299459345,0.0
0.3536968413046916,-0.23091498578361672,-1.180133135868424,1.5187419064438796,-0.28716190467888114,-0.2779402194033975,0.0
0.3536968413046916,-0.5206193511502191,-1.4351668393590602,0.9852472656756394,-0.31770266460912067,-0.2701172819953105,0.0
0.3536968413046916,-0.23091498578361672,0.18777491012680653,-0.5340526895556561,-0.3482434256244769,-0.2625116484041149,0.0
0.3536968413046916,-0.23091498578361672,0.883321374192178,-0.4180755937364733,-0.3787841855547165,-0.25468871099602786,0.0
0.3536968413046916,-0.23091498578361672,0.18004661608163575,-0.986363363250469,-0.40932494548495607,-0.24708307740483226,0.0
0.3536968413046916,0.05878937958298565,0.42735202552710116,-0.6848229141205943,-0.4398657054151956,-0.23947744381363634,0.0
0.3536968413046916,-0.5206193511502191,-0.8246316097905675,0.27778698117862377,-0.47040646643055184,-0.23165450640554933,0.0
0.1761053600613108,-0.5206193511502191,-0.7009789050678348,0.7996839123649466,-0.5009472263607914,-0.2240488728143537,0.0
0.1761053600613108,-0.5206193511502191,-0.020889029092804903,-0.6732252045386758,-0.531487986291031,-0.21622593540626667,0.0
0.1761053600613108,-0.5206193511502191,-0.2836510266286119,0.2545915620147869,-0.5620287473063869,-0.20862030181507077,0.0
-0.0014861211819690277,-0.8103237165166568,1.2774643704958886,-0.8123977195216948,-0.5925695072366268,-0.20079736440698373,0.0
-0.0014861211819690277,-0.8103237165166568,-0.1522700278607084,-0.23251224042578056,-0.6231102671668663,-0.19319173081578814,0.0
-0.1790776024253498,-1.3897324472496968,0.28824273271402684,-0.4760641416460647,-0.6536510281822222,-0.1853687934077011,0.0
-0.35666908366873057,-1.3897324472496968,-0.9405560204681294,1.1128220710767398,-0.6841917881124617,-0.17776315981650517,0.0
-0.1790776024253498,-1.100028081883259,0.7442120813791037,-1.1719267165611618,-0.7147325480427017,-0.16994022240841816,0.0
-0.1790776024253498,-1.3897324472496968,-1.3578838989073523,1.263592295641678,-0.7452733079729417,-0.16233458881722254,0.0
-0.1790776024253498,-1.3897324472496968,2.0271088928774557,-1.9025824202220138,-0.7758140689882972,-0.15472895522602695,0.0
-0.1790776024253498,-1.100028081883259,-1.2883292525008152,2.098627385539794,-0.806354828918537,-0.1469060178179399,0.0
-0.1790776024253498,-1.100028081883259,-0.5618696122547605,0.39376407699780663,-0.8368955888487767,-0.13930038422674398,0.0
-0.1790776024253498,-1.100028081883259,-0.9250994323777878,0.9736495560937208,-0.8674363498641325,-0.13147744681865697,0.0
-0.35666908366873057,-1.3897324472496968,0.8678647861018364,-1.0791450399058158,-0.8979771097943721,-0.12387181322746137,0.0
-0.35666908366873057,-1.3897324472496968,0.543276436204663,-0.8355931386855316,-0.928517869724612,-0.11604887581937434,0.0
-0.1790776024253498,-1.100028081883259,-0.35320567303514905,0.5561320111446625,-0.959058629654852,-0.10844324222817842,0.0
-0.1790776024253498,-0.8103237165166568,-1.180133135868424,1.8666731939014283,-0.9895993906702074,-0.10062030482009139,0.0
-0.1790776024253498,-0.8103237165166568,-0.8478164919260799,1.7970869364099191,-1.0201401506004473,-0.09301467122889578,0.0
-0.1790776024253498,-0.8103237165166568,1.1383550776828142,-0.9283748153408776,-1.050680910530687,-0.08519173382080876,0.0
-0.1790776024253498,-1.100028081883259,-0.37639055517066144,0.21979843326903237,-1.0812216715460428,-0.07758610022961285,0.0
-0.1790776024253498,-1.100028081883259,0.8137667277856409,-0.5688458183014115,-1.1117624314762824,-0.06998046663841723,0.0
-0.1790776024253498,-1.100028081883259,-1.218774606094278,0.8692701698564564,-1.1423031914065223,-0.06215752923033021,0.0
-0.1790776024253498,-1.100028081883259,-0.005432441002463314,-0.3252939170811273,-1.1728439513367623,-0.054551895639134595,1.0
-0.1790776024253498,-1.100028081883259,-0.19863979213173316,-0.035351177533170214,-1.2033847123521177,-0.04672895823104757,1.0
-0.0014861211819690277,-0.8103237165166568,-1.4197102512687185,2.5857311879803624,-1.2339254722823576,-0.03912332463985165,0.0
-0.1790776024253498,-1.679436812616299,0.7751252575597869,-1.299501521962263,-1.2644662322125972,-0.03130038723176463,0.0
-0.0014861211819690277,-1.100028081883259,-0.25273785044792874,-0.3252939170811273,-1.295006993227953,-0.02369475364056902,0.0
-0.0014861211819690277,-1.100028081883259,-0.731892081248518,2.6901105742176266,-1.3255477531581927,-0.015871816232481996,0.0
0.1761053600613108,-0.8103237165166568,0.05639391135890304,0.9736495560937208,-1.3560885130884326,-0.008266182641286077,0.0
-0.0014861211819690277,-1.100028081883259,1.076528725321448,-0.9979610728323874,-1.3866292730186724,-0.0004432452331990507,0.0
-0.0014861211819690277,-1.100028081883259,1.710248837025453,-1.6126396806740566,0.550565023160048,0.007162388357996557,1.0
-0.1790776024253498,-1.3897324472496968,0.5587330242950047,-0.9747656536685514,1.6356808599548633,0.014768021949192476,0.0
-0.0014861211819690277,-1.100028081883259,-0.9637409026036418,0.7880862027830281,0.7675881905190111,0.022590959357279502,0.0
-0.1790776024253498,-1.3897324472496968,-0.469130083712711,-0.4180755937364733,1.6356808599548633,0.03019659294847511,1.0
-0.1790776024253498,-1.3897324472496968,-0.5773262003451021,0.34737323867013364,0.7675881905190111,0.03801953035656214,1.0
-0.35666908366873057,-1.679436812616299,2.2048596559163838,-1.8445938723124224,-0.10050447891684121,0.05344810135584508,0.0
-0.1790776024253498,-1.679436812616299,0.07185049944924463,-0.4296733033183917,-0.4260392299552858,0.06105373494704069,0.0
-0.1790776024253498,-1.679436812616299,0.04093732326856145,-0.12813285418851617,-1.5111550667501013,0.06887667235512772,0.0
-0.0014861211819690277,-1.3897324472496968,-0.48458667180305254,0.011039660794502762,0.8760997741984926,0.07648230594632333,0.0
-0.0014861211819690277,-1.3897324472496968,-0.23728126235758715,-0.035351177533170214,1.9612156109933079,0.08430524335441035,0.0
-0.0014861211819690277,-1.679436812616299,-0.6855223169774932,0.6141205590542539,0.8760997741984926,0.09191087694560626,0.0
-0.0014861211819690277,-1.679436812616299,1.0610721372311063,-1.4154786177814458,-0.31752764627580427,0.09951651053680187,0.0
-0.1790776024253498,-1.679436812616299,-0.878729668106763,1.623121292681145,-0.31752764627580427,0.1073394479448889,0.0
-0.1790776024253498,-1.9691411779829016,1.8184449536578442,-1.6358350998378932,-1.5111550667501013,0.11494508153608482,0.0
-0.1790776024253498,-1.679436812616299,-0.27592273258344113,1.1592129094044137,0.550565023160048,0.12276801894417184,0.0
-0.1790776024253498,-1.679436812616299,0.8137667277856409,-1.3110992315441814,1.8527040273138264,0.13037365253536745,0.0
-0.1790776024253498,-1.3897324472496968,2.351697242774629,-2.0069618064592785,1.9612156109933079,0.1381965899434545,0.0
-0.0014861211819690277,-1.3897324472496968,-0.45367349562236936,0.34737323867013364,1.8527040273138264,0.1458022235346504,0.0
-0.0014861211819690277,-1.679436812616299,0.8601364920566656,-0.4876618512279831,-0.31752764627580427,0.15362516094273743,0.0
-0.0014861211819690277,-1.3897324472496968,-0.9637409026036418,1.0548335231671484,-0.4260392299552858,0.16123079453393302,0.0
0.1761053600613108,-1.100028081883259,-0.35320567303514905,0.26618927159670536,-1.5111550667501013,0.16905373194202006,0.0
0.1761053600613108,-0.8103237165166568,0.41189543743675955,-0.5456503991375745,-0.10050447891684121,0.18426499912441158,0.0
0.1761053600613108,-0.8103237165166568,0.5741896123853463,-0.8703862674312862,-0.31752764627580427,0.19208793653249862,0.0
0.1761053600613108,-0.8103237165166568,2.2435011261422377,-1.055949620741979,-0.20901606259632274,0.1996935701236942,0.0
0.1761053600613108,-0.5206193511502191,-1.0023823728294958,0.1734075949413594,-0.10050447891684121,0.20751650753178125,0.0
-0.0014861211819690277,-0.5206193511502191,-0.6082393765257853,0.6953045261276822,0.008007104762640323,0.21512214112297717,0.0
-0.0014861211819690277,-0.5206193511502191,-0.5927827884354436,0.5677297207265809,0.11651868844212186,0.22294507853106418,0.0
-0.1790776024253498,-0.8103237165166568,-0.32229249685446587,0.21979843326903237,0.2250302721216034,0.2305507121222598,0.0
-0.0014861211819690277,-0.5206193511502191,-1.3887970750880354,-0.058546596697006285,0.3335418558010849,0.23837364953034682,0.0
-0.0014861211819690277,-0.23091498578361672,-0.9482843145133002,0.47494804407123414,0.550565023160048,0.24597928312154274,0.0
-0.0014861211819690277,-0.23091498578361672,-1.102850195416716,1.2056037477320865,1.6356808599548633,0.25380222052962975,0.0
-0.0014861211819690277,0.05878937958298565,1.555682956122037,-1.1603290069792438,0.7675881905190111,0.2614078541208254,0.0
-0.1790776024253498,-0.23091498578361672,-0.9250994323777878,0.6373159782180908,1.6356808599548633,0.269013487712021,0.0
-0.1790776024253498,-0.23091498578361672,1.5324980739865248,-1.7866053244028308,0.7675881905190111,0.27683642512010803,0.0
-0.5342605649120105,-0.8103237165166568,0.40416714339158877,-0.5920412374652475,-0.10050447891684121,0.29226499611939094,0.0
-0.5342605649120105,-0.5206193511502191,0.8292233158759824,-0.2789030787534543,-0.4260392299552858,0.29987062971058653,0.0
-0.7118520461553912,-0.5206193511502191,1.741162013206136,-1.5778465519283018,-1.5111550667501013,0.30769356711867357,0.0
-0.5342605649120105,-0.5206193511502191,-0.020889029092804903,-0.6500297853748389,0.8760997741984926,0.3152992007098695,0.0
-0.5342605649120105,-0.5206193511502191,-0.27592273258344113,0.32417781950629676,1.9612156109933079,0.32312213811795654,0.0
-0.5342605649120105,-0.5206193511502191,1.7179771310706238,-1.5314557136006288,0.8760997741984926,0.33072777170915213,0.0
-0.5342605649120105,-0.5206193511502191,-1.0873936073263746,0.7416953644553552,-0.31752764627580427,0.3461563427084351,0.0
-0.5342605649120105,-0.5206193511502191,0.4969066719336383,-0.4760641416460647,-1.5111550667501013,0.3537619762996307,0.0
-0.35666908366873057,-0.23091498578361672,-1.6206458964431594,0.7532930740372736,0.550565023160048,0.3615849137077177,0.0
-0.35666908366873057,-0.23091498578361672,-0.5077715539385649,0.011039660794502762,1.8527040273138264,0.3691905472989133,0.0
-0.1790776024253498,0.05878937958298565,0.08730708753958621,0.1270167566136856,1.9612156109933079,0.37701348470700036,0.0
-0.1790776024253498,0.05878937958298565,-0.47685837775788176,0.39376407699780663,1.8527040273138264,0.3846191182981963,0.0
-0.35666908366873057,0.05878937958298565,-0.36093396708031983,-0.5456503991375745,-0.31752764627580427,0.39244205570628327,0.0
-0.1790776024253498,0.05878937958298565,-1.558819544081793,1.1708106189863312,-0.4260392299552858,0.4000476892974789,0.0
-0.35666908366873057,-0.23091498578361672,-1.6592873666690133,1.4259602297885339,-1.5111550667501013,0.40787062670556595,0.0
-0.35666908366873057,-0.5206193511502191,1.0147023729600815,-0.012155758369333313,-1.4026434830706196,0.4154762602967618,0.0
-0.5342605649120105,-0.5206193511502191,1.5402263680316954,-0.8703862674312862,-0.10050447891684121,0.42329919770484886,0.0
-0.5342605649120105,-0.5206193511502191,1.3161058407217425,-1.4270763273633644,-0.31752764627580427,0.43090483129604445,0.0
-0.5342605649120105,-0.5206193511502191,-0.020889029092804903,-0.09333972544276163,-0.20901606259632274,0.4385104648872404,0.0
-0.5342605649120105,-0.5206193511502191,0.7519403754242745,-0.9979610728323874,-0.10050447891684121,0.4463334022953274,0.0
-0.5342605649120105,-0.5206193511502191,0.2727861446236853,-0.29050078833537196,0.008007104762640323,0.453939035886523,0.0
-0.5342605649120105,-0.5206193511502191,0.025480735178219863,-0.9515702345047146,0.11651868844212186,0.46176197329461005,0.0
-0.5342605649120105,-0.23091498578361672,-0.5154998479837357,-0.08174201586084319,0.2250302721216034,0.46936760688580564,0.0
-0.5342605649120105,-0.23091498578361672,0.35779737912056403,0.6489136878000084,0.3335418558010849,0.477190544293893,0.0
-0.5342605649120105,-0.23091498578361672,-0.20636808617690397,0.13861446619560405,0.550565023160048,0.4847961778850886,0.0
-0.5342605649120105,-0.23091498578361672,1.4243019573541336,-1.4966625848548738,1.6356808599548633,0.49261911529317565,0.0
-0.7118520461553912,-0.23091498578361672,-0.10590026358968364,0.08062591828601263,0.7675881905190111,0.5002247488843713,0.0
-0.7118520461553912,-0.23091498578361672,-1.0951219013715452,1.8550754843195107,1.6356808599548633,0.5080476862924582,0.0
-0.889443527398671,-0.5206193511502191,1.4552151335348167,-1.0791450399058158,0.7675881905190111,0.5156533198836541,0.0
-0.7118520461553912,-0.23091498578361672,1.5865961323027202,-1.25311068363459,-0.20901606259632274,0.5232589534748497,0.0
-0.889443527398671,-0.5206193511502191,-0.9019145502422754,0.13861446619560405,-0.10050447891684121,0.5310818908829368,0.0
-0.889443527398671,-0.5206193511502191,-0.956012608558471,1.2983854243874324,-0.4260392299552858,0.5386875244741327,0.0
-0.889443527398671,-0.8103237165166568,0.18004661608163575,-0.058546596697006285,-1.5111550667501013,0.5465104618822197,0.0
-1.0670350086420517,-1.100028081883259,1.0224306670052523,-1.0907427494877338,0.8760997741984926,0.5541160954734153,0.0
-1.0670350086420517,-1.3897324472496968,-0.35320567303514905,0.47494804407123414,1.9612156109933079,0.5619390328815024,0.0
-1.2446264898854327,-1.3897324472496968,1.8107166596126734,-1.7170190669113214,0.8760997741984926,0.5695446664726983,0.0
-0.889443527398671,-0.8103237165166568,1.7566186012964777,-1.5082602944367922,-0.31752764627580427,0.5849732374719809,0.0
-1.0670350086420517,-1.100028081883259,0.3732539672109056,-0.29050078833537196,-1.5111550667501013,0.592796174880068,0.0
-1.0670350086420517,-1.100028081883259,1.5324980739865248,-0.986363363250469,0.550565023160048,0.6004018084712636,0.0
-1.2446264898854327,-1.3897324472496968,-0.3145642028092951,-0.15132827335235305,1.8527040273138264,0.6080074420624595,0.0
-1.2446264898854327,-1.100028081883259,0.11822026372026939,-0.939972524922796,1.9612156109933079,0.6158303794705465,0.0
-1.2446264898854327,-1.100028081883259,-0.3377490849448075,0.6721091069638453,1.8527040273138264,0.6234360130617421,0.0
-1.0670350086420517,-0.8103237165166568,-0.9791974906939833,0.9156610081841294,-0.31752764627580427,0.6312589504698292,0.0
-1.0670350086420517,-0.8103237165166568,0.543276436204663,-0.9051793961770416,-1.5111550667501013,0.6466875214691121,0.0
-1.0670350086420517,-0.8103237165166568,-0.43048861348685696,0.5213388823989079,-1.4026434830706196,0.6542931550603077,0.0
-1.0670350086420517,-0.8103237165166568,0.2264163803526605,0.011039660794502762,-0.10050447891684121,0.6621160924683948,0.0
-0.889443527398671,-0.8103237165166568,0.7905818456501285,-1.0443519111600608,-0.31752764627580427,0.6697217260595907,1.0
-0.889443527398671,-0.8103237165166568,0.6205593766563711,-0.7428114620301858,-0.20901606259632274,0.6775446634676777,1.0
-0.889443527398671,-0.8103237165166568,-0.8864579621519338,0.41695949616164274,-0.10050447891684121,0.6851502970588733,0.0
-0.889443527398671,-0.5206193511502191,0.7442120813791037,-1.1255358782334888,0.008007104762640323,0.6927559306500689,0.0
-0.889443527398671,-0.5206193511502191,-0.05953049931865887,0.6141205590542539,0.11651868844212186,0.700578868058156,0.0
-1.0670350086420517,-0.8103237165166568,1.2310946062248638,-1.2415129740526716,0.2250302721216034,0.7081845016493519,0.0
-0.889443527398671,-0.8103237165166568,1.107441901502131,-0.7428114620301858,0.3335418558010849,0.7160074390574389,0.0
-0.889443527398671,-0.8103237165166568,0.8369516099211533,-0.4412710129003102,0.550565023160048,0.7236130726486345,0.0
-0.889443527398671,-0.5206193511502191,-0.9019145502422754,0.950454136929884,1.6356808599548633,0.7314360100567215,1.0
-0.889443527398671,-0.5206193511502191,0.01775244113304907,-0.7544091716121033,0.7675881905190111,0.7390416436479175,0.0
-0.889443527398671,-0.8103237165166568,-0.36866226112549066,-0.46446643206414623,1.6356808599548633,0.7468645810560045,0.0
-0.889443527398671,-0.8103237165166568,0.40416714339158877,-0.7080183332844304,0.7675881905190111,0.7544702146472001,1.0
-1.0670350086420517,-0.8103237165166568,0.04866561731373224,-0.29050078833537196,-0.20901606259632274,0.7622931520552871,1.0
-1.0670350086420517,-0.8103237165166568,0.6282876707015418,-0.4528687224822286,-0.10050447891684121,0.769898785646483,1.0
-0.889443527398671,-0.8103237165166568,0.9683326086890568,-1.1371335878154072,-0.4260392299552858,0.7775044192376787,0.0
-0.889443527398671,-0.8103237165166568,-0.5927827884354436,0.8228793315287827,-1.5111550667501013,0.7853273566457656,0.0
-0.889443527398671,-0.5206193511502191,-0.8323599038357383,1.6811098405907363,0.8760997741984926,0.7929329902369613,0.0
-0.889443527398671,-0.5206193511502191,-1.2496877822749612,1.9478571609748565,1.9612156109933079,0.8007559276450483,0.0
-0.889443527398671,-0.23091498578361672,0.28824273271402684,0.02263737037642121,0.8760997741984926,0.8083615612362441,0.0
-0.889443527398671,-0.5206193511502191,0.4196237314819304,-0.2789030787534543,-0.31752764627580427,0.8161844986443312,0.0
-1.0670350086420517,-0.5206193511502191,-0.19863979213173316,-0.1397305637704346,-0.31752764627580427,0.8237901322355268,0.0
-1.0670350086420517,-0.5206193511502191,0.5587330242950047,-0.5340526895556561,-1.5111550667501013,0.8316130696436138,0.0
-1.0670350086420517,-0.8103237165166568,0.8292233158759824,-0.4064778841545548,0.550565023160048,0.8392187032348097,0.0
-1.0670350086420517,-0.5206193511502191,0.6901140230629081,-0.30209849791729043,1.8527040273138264,0.8470416406428968,0.0
-1.2446264898854327,-0.8103237165166568,-0.8478164919260799,1.2751900052235965,1.9612156109933079,0.8546472742340924,0.0
-1.2446264898854327,-0.8103237165166568,-0.7937184336098844,0.1502121757775225,1.8527040273138264,0.8622529078252883,0.0
-1.2446264898854327,-0.8103237165166568,-0.6468808467516393,0.26618927159670536,-0.31752764627580427,0.8700758452333753,0.0
-1.2446264898854327,-1.100028081883259,0.14140514585578176,-0.3832824649907187,-0.4260392299552858,0.8776814788245709,0.0
-1.2446264898854327,-1.100028081883259,-0.878729668106763,1.2983854243874324,-1.5111550667501013,0.885504416232658,0.0
-1.2446264898854327,-1.100028081883259,-0.7009789050678348,1.5303396160257983,-1.4026434830706196,0.8931100498238536,0.0
-1.4222179711287124,-1.100028081883259,1.8493581298385273,-1.3110992315441814,-0.10050447891684121,0.9009329872319409,0.0
-1.4222179711287124,-1.100028081883259,1.8493581298385273,-1.6126396806740566,-0.31752764627580427,0.9085386208231365,0.0
-1.0670350086420517,-0.23091498578361672,0.2418729684430021,-0.035351177533170214,-0.10050447891684121,0.9239671918224192,0.0
-1.0670350086420517,-0.23091498578361672,-1.3887970750880354,0.8460747506926196,0.008007104762640323,0.9317901292305062,0.0
-1.0670350086420517,0.05878937958298565,2.529448005813557,-1.5894442615102202,0.11651868844212186,0.9393957628217021,0.0
-1.0670350086420517,-0.23091498578361672,1.524769779941354,-1.6126396806740566,0.2250302721216034,0.9470013964128977,0.0
-0.889443527398671,0.05878937958298565,-0.7782618455195427,0.544534301562744,0.3335418558010849,0.9548243338209847,0.0
-0.889443527398671,0.3484937449494233,-1.5124497798107681,1.1824083285682496,0.550565023160048,0.9624299674121807,0.0
-0.7118520461553912,0.3484937449494233,-2.053430362972724,2.2841907388504867,1.6356808599548633,0.9702529048202677,0.0
-0.889443527398671,0.3484937449494233,-0.46140178966754014,0.8692701698564564,0.7675881905190111,0.9778585384114633,0.0
-0.889443527398671,0.3484937449494233,-0.8246316097905675,1.6347190022630627,1.6356808599548633,0.9856814758195503,0.0
-0.889443527398671,0.3484937449494233,-0.4227603194416862,0.6953045261276822,0.7675881905190111,0.9932871094107463,0.0
-0.889443527398671,0.05878937958298565,-0.18318320404139157,-0.30209849791729043,-0.20901606259632274,1.0011100468188332,0.0
-0.889443527398671,-0.23091498578361672,-0.19091149808656238,0.31258010992437835,-0.10050447891684121,1.0087156804100288,0.0
-1.0670350086420517,-0.5206193511502191,-1.2728726644104735,1.333178553133188,-0.4260392299552858,1.016538617818116,0.0
-1.0670350086420517,-0.5206193511502191,0.1027636756299278,-0.09333972544276163,-1.5111550667501013,1.0241442514093115,0.0
-1.2446264898854327,-0.8103237165166568,0.43508031957227195,-0.3484893362449634,0.8760997741984926,1.0317498850005071,0.0
-1.2446264898854327,-0.8103237165166568,-0.19091149808656238,0.21979843326903237,1.9612156109933079,1.0395728224085945,0.0
-1.2446264898854327,-0.8103237165166568,2.0039240107419434,-1.369087779453773,0.8760997741984926,1.04717845599979,0.0
-1.2446264898854327,-0.8103237165166568,-0.09817196954451285,0.33577552908821523,-0.31752764627580427,1.0550013934078775,0.0
-1.2446264898854327,-0.5206193511502191,-0.9482843145133002,1.0432358135852307,-0.31752764627580427,1.062607026999073,0.0
-1.0670350086420517,-0.23091498578361672,1.602052720393062,-1.1951221357249986,0.550565023160048,1.078035597998356,0.0
-1.2446264898854327,0.05878937958298565,1.262007782405547,-0.9747656536685514,1.8527040273138264,1.0858585354064427,0.0
-1.4222179711287124,0.05878937958298565,-1.8679513058886248,2.2146044813589767,1.9612156109933079,1.0934641689976383,0.0
-1.4222179711287124,0.05878937958298565,-1.6824722488045256,0.6025228494723355,1.8527040273138264,1.1012871064057257,0.0
-1.4222179711287124,-0.23091498578361672,-1.2728726644104735,1.9594548705567751,-0.31752764627580427,1.1088927399969213,0.0
-1.2446264898854327,0.05878937958298565,-0.5850544943902729,1.2983854243874324,-0.4260392299552858,1.1164983735881169,0.0
-1.2446264898854327,-0.23091498578361672,0.659200846882225,0.16180988535944096,-1.5111550667501013,1.1243213109962042,0.0
-1.2446264898854327,0.05878937958298565,-0.6236959646161269,0.42855720574356115,-1.4026434830706196,1.1319269445873998,0.0
-1.2446264898854327,0.05878937958298565,-0.43048861348685696,0.06902820870409418,-0.10050447891684121,1.1397498819954865,0.0
-1.0670350086420517,0.05878937958298565,-0.33002079089963665,0.4865457536531526,-0.31752764627580427,1.1473555155866828,0.0
-1.0670350086420517,0.3484937449494233,-0.6623374348419808,0.41695949616164274,-0.20901606259632274,1.1551784529947695,0.0
-1.0670350086420517,0.05878937958298565,-0.9791974906939833,0.8692701698564564,-0.10050447891684121,1.162784086585965,0.0
-1.2446264898854327,-0.5206193511502191,0.45053690766261356,-0.7196160428663488,0.008007104762640323,1.1706070239940525,0.0
-1.2446264898854327,-0.5206193511502191,0.5664613183401754,-0.9515702345047146,0.11651868844212186,1.178212657585248,0.0
-1.0670350086420517,-0.5206193511502191,-0.028617323137975697,0.24299385243286845,0.2250302721216034,1.1860355949933352,0.0
-1.2446264898854327,-0.23091498578361672,-0.1522700278607084,-0.3368916266630458,0.3335418558010849,1.193641228584531,0.0
-1.2446264898854327,-0.5206193511502191,-0.9328277264229586,1.0896266519129036,-0.25662114474864156,1.2012468621757266,0.0
-1.4222179711287124,-0.8103237165166568,-0.10590026358968364,-0.29050078833537196,-0.31770266460912067,1.2166754331750094,0.0
-1.4222179711287124,-0.8103237165166568,-1.6515590726238425,-0.12813285418851617,-0.3482434256244769,1.2244983705830963,0.0
-1.4222179711287124,-0.8103237165166568,1.0997136074569602,-1.1139381686515704,-0.3787841855547165,1.232104004174292,0.0
-1.4222179711287124,-0.8103237165166568,-1.404253663178377,1.6811098405907363,-0.40932494548495607,1.239926941582379,0.0
-1.4222179711287124,-0.8103237165166568,-0.23728126235758715,0.37056865783396975,-0.4398657054151956,1.2475325751735749,0.0
-1.4222179711287124,-0.5206193511502191,-0.65460914079681,0.5793274303084993,-0.47040646643055184,1.255355512581662,0.0
-1.4222179711287124,-0.5206193511502191,1.1615399598183267,-1.369087779453773,-0.5009472263607914,1.2629611461728576,0.0
-1.2446264898854327,-0.23091498578361672,-0.10590026358968364,0.4865457536531526,-0.531487986291031,1.2707840835809443,0.0
-1.0670350086420517,-0.23091498578361672,-0.14454173381553762,0.1734075949413594,-0.5620287473063869,1.2783897171721406,0.0
-0.889443527398671,0.05878937958298565,0.6205593766563711,-0.4412710129003102,-0.5925695072366268,1.2859953507633362,0.0
-1.0670350086420517,0.05878937958298565,0.6282876707015418,-0.4180755937364733,-0.6536510281822222,1.3014239217626191,0.0
-1.0670350086420517,-0.23091498578361672,-0.5309564360740773,0.13861446619560405,-0.6841917881124617,1.3092468591707058,0.0
-0.889443527398671,-0.23091498578361672,-0.37639055517066144,-0.11653514460659771,-0.7147325480427017,1.3168524927619014,0.0
-0.889443527398671,-0.23091498578361672,2.575817770084582,-1.9721686777135237,-0.7452733079729417,1.3246754301699888,0.0
-1.0670350086420517,-0.23091498578361672,-0.23728126235758715,0.4633503344893165,-0.7758140689882972,1.3322810637611844,0.0
-1.2446264898854327,-0.8103237165166568,-0.16772661595104998,0.057430499122176557,-0.806354828918537,1.340104001169271,0.0
-1.4222179711287124,-0.8103237165166568,-0.08271538145417126,-0.51085727039182,-0.8368955888487767,1.3477096347604673,0.0
-1.4222179711287124,-0.8103237165166568,0.18004661608163575,-0.25570765958961744,-0.8674363498641325,1.355532572168554,0.0
-1.2446264898854327,-0.5206193511502191,-1.3424273108170106,1.333178553133188,-0.8979771097943721,1.3631382057597496,0.0
-1.2446264898854327,-0.8103237165166568,0.15686173394612335,-0.7080183332844304,-0.928517869724612,1.370743839350946,0.0
-1.2446264898854327,-0.23091498578361672,-0.9714691966488126,-0.17452369251618913,-0.959058629654852,1.3785667767590326,0.0
-1.0670350086420517,-0.23091498578361672,-0.9405560204681294,0.6837068165457637,-0.9895993906702074,1.3861724103502282,0.0
-1.2446264898854327,-0.23091498578361672,-0.8941862561971047,2.411765544251588,-1.0201401506004473,1.3939953477583156,1.0
-1.2446264898854327,-0.23091498578361672,-0.35320567303514905,0.5097411728169895,-1.050680910530687,1.4016009813495112,1.0
-1.2446264898854327,-0.5206193511502191,0.5200915540691506,-0.4064778841545548,-1.0812216715460428,1.4094239187575985,0.0
-1.0670350086420517,0.05878937958298565,2.150761597600188,-1.624237390255975,-1.1117624314762824,1.4170295523487941,0.0
-1.0670350086420517,0.05878937958298565,-0.48458667180305254,-0.19771911168002604,-1.1423031914065223,1.4248524897568808,0.0
-0.889443527398671,0.3484937449494233,-1.071937019236033,2.2262021909408953,-1.1728439513367623,1.4324581233480764,0.0
-1.0670350086420517,0.05878937958298565,0.28824273271402684,0.4865457536531526,-1.2033847123521177,1.4402810607561638,0.0
-0.889443527398671,0.3484937449494233,0.8292233158759824,-0.3252939170811273,-1.2339254722823576,1.4478866943473594,0.0
-0.889443527398671,0.3484937449494233,-0.7396203752936887,0.11541904703176797,-1.2644662322125972,1.455492327938555,1.0
-1.0670350086420517,0.05878937958298565,-0.5773262003451021,0.6257182686361723,-1.295006993227953,1.4633152653466424,0.0
-1.2446264898854327,0.05878937958298565,0.9915174908245691,-1.1255358782334888,-1.3255477531581927,1.470920898937838,0.0
-1.2446264898854327,0.3484937449494233,-0.03634561718314649,-0.5224549799737377,-1.3560885130884326,1.4787438363459253,1.0
-1.2446264898854327,0.3484937449494233,-0.36093396708031983,0.6837068165457637,-1.3866292730186724,1.486349469937121,1.0
-1.2446264898854327,0.3484937449494233,-0.6623374348419808,1.936259451392938,0.550565023160048,1.4941724073452076,1.0
-1.4222179711287124,0.3484937449494233,-0.2836510266286119,0.7996839123649466,1.6356808599548633,1.5017780409364039,0.0
-1.2446264898854327,0.05878937958298565,-1.8447664237531123,1.4955464872800437,0.7675881905190111,1.5096009783444906,0.0
-1.4222179711287124,0.05878937958298565,-0.22182467426724556,0.21979843326903237,1.6356808599548633,1.5172066119356862,0.0
-1.2446264898854327,0.05878937958298565,-0.2991076147189535,0.18500530452327701,0.7675881905190111,1.5250295493437735,0.0
-1.4222179711287124,0.05878937958298565,-0.6468808467516393,0.1502121757775225,-0.20901606259632274,1.5326351829349691,0.0
-1.2446264898854327,0.3484937449494233,-0.8710013740615923,-0.058546596697006285,-0.10050447891684121,1.5402408165261647,0.0
-1.2446264898854327,0.3484937449494233,-0.6314242586612976,0.31258010992437835,-0.4260392299552858,1.548063753934252,0.0
-1.4222179711287124,0.05878937958298565,-0.028617323137975697,-0.5804435278833291,0.8760997741984926,1.5634923249335344,0.0
-1.4222179711287124,0.05878937958298565,-0.45367349562236936,0.2545915620147869,1.9612156109933079,1.5710979585247307,0.0
-1.5998094523720932,-0.23091498578361672,0.2727861446236853,0.09222362786793108,0.8760997741984926,1.5789208959328174,0.0
-1.4222179711287124,0.3484937449494233,0.80603843374047,-1.055949620741979,-0.31752764627580427,1.5943494669321003,0.0
-1.4222179711287124,0.6381981103160257,0.5510047302498339,-0.9283748153408776,-1.5111550667501013,1.601955100523296,0.0
-1.4222179711287124,0.6381981103160257,-0.12135685168002523,0.4053617865797251,0.550565023160048,1.6097780379313833,0.0
-1.4222179711287124,0.6381981103160257,-0.7396203752936887,0.19660301410519548,1.8527040273138264,1.617383671522579,0.0
-1.2446264898854327,1.2176068410490657,-0.1368134397703668,0.1270167566136856,1.9612156109933079,1.6249893051137745,0.0
-1.2446264898854327,1.2176068410490657,0.04093732326856145,-0.4296733033183917,1.8527040273138264,1.6328122425218619,0.0
-1.2446264898854327,1.5073112064156682,-0.2836510266286119,1.0548335231671484,-0.31752764627580427,1.6404178761130574,0.0
-1.2446264898854327,1.5073112064156682,-1.0410238430553498,0.04583278954025811,-0.4260392299552858,1.6482408135211442,0.0
-1.2446264898854327,1.2176068410490657,0.42735202552710116,-0.3252939170811273,-1.5111550667501013,1.6558464471123397,0.0
-1.2446264898854327,1.2176068410490657,-0.36093396708031983,0.08062591828601263,-1.4026434830706196,1.6636693845204271,0.0
-1.2446264898854327,1.2176068410490657,2.45989335940702,-2.0997434831146244,-0.10050447891684121,1.6712750181116227,0.0
-1.2446264898854327,0.9279024756824634,-1.481536603630085,1.9246617418110197,-0.31752764627580427,1.67909795551971,0.0
-1.2446264898854327,1.2176068410490657,0.5278198481143215,-1.009558782414306,-0.20901606259632274,1.6867035891109057,0.0
-1.4222179711287124,1.2176068410490657,0.31915590889471,-0.1397305637704346,-0.10050447891684121,1.6945265265189924,0.0
-1.4222179711287124,1.2176068410490657,0.25732955653334366,-0.3832824649907187,0.008007104762640323,1.7021321601101886,0.0
-1.2446264898854327,1.2176068410490657,-1.4738083095849142,1.8782709034833467,0.11651868844212186,1.7097377937013842,0.0
-1.2446264898854327,1.2176068410490657,0.41189543743675955,-0.8123977195216948,0.2250302721216034,1.717560731109471,0.0
-1.2446264898854327,1.2176068410490657,1.3161058407217425,-1.1603290069792438,0.3335418558010849,1.7251663647006672,0.0
-1.2446264898854327,1.5073112064156682,0.5200915540691506,-0.557248108719493,0.550565023160048,1.732989302108754,0.0
-1.2446264898854327,1.5073112064156682,-0.3995754373061738,-0.6616274949567574,1.6356808599548633,1.7405949356999495,0.0
-1.2446264898854327,1.7970155717821057,0.5355481421594923,0.24299385243286845,0.7675881905190111,1.7484178731080369,0.0
-1.0670350086420517,1.7970155717821057,-1.296057546545986,1.7506960980822455,1.6356808599548633,1.7560235066992325,0.0
-1.2446264898854327,1.7970155717821057,-0.43048861348685696,-0.3252939170811273,0.7675881905190111,1.7638464441073192,0.0
-1.2446264898854327,1.7970155717821057,-0.731892081248518,0.5677297207265809,-0.20901606259632274,1.7714520776985154,0.0
-1.0670350086420517,2.086719937148708,-0.8555447859712507,0.32417781950629676,-0.10050447891684121,1.7792750151066021,0.0
-1.0670350086420517,2.086719937148708,-0.34547737898997827,-0.22091453084386292,-0.4260392299552858,1.7868806486977977,0.0
-0.889443527398671,2.376424302515146,-1.4583517214945727,1.0548335231671484,-1.5111550667501013,1.7944862822889938,0.0
-1.0670350086420517,2.086719937148708,-0.43048861348685696,1.0432358135852307,0.8760997741984926,1.8023092196970807,0.0
-1.0670350086420517,1.7970155717821057,0.11822026372026939,-0.08174201586084319,1.9612156109933079,1.8099148532882763,0.0
-1.2446264898854327,1.2176068410490657,-0.07498708740900047,-0.17452369251618913,0.8760997741984926,1.8177377906963634,0.0
-1.0670350086420517,1.5073112064156682,0.7442120813791037,-1.2183175548888352,-0.31752764627580427,1.8253434242875592,0.0
-1.0670350086420517,1.5073112064156682,0.00229585304270748,-0.6500297853748389,-0.31752764627580427,1.8331663616956464,0.0
